Species,PDB,Domain,Motif seq,Domain N-term,Domain C-term,Motif N-term,Motif C-term,Distance Domain-Motif
Candida albicans,AF-A0A1D8PCA8-F1-model_v4,PF00149.31,SLLTMFS,133,332,350,356,18
Candida albicans,AF-Q5A6B6-F1-model_v4,PF00149.31,KCLTVWSA,56,249,262,269,13
Candida albicans,AF-Q59N42-F1-model_v4,PF00149.31,QLVTLFSA,61,253,265,272,12
Candida albicans,AF-Q5ABD3-F1-model_v4,PF00149.31,SWVMQSV,216,541,563,569,22
Candida albicans,AF-A0A1D8PSJ8-F1-model_v4,PF00149.31,NIQHI,45,238,38,42,-3
Candida albicans,AF-A0A1D8PJ89-F1-model_v4,PF00149.31,RLMTVFSA,277,474,487,494,13
Candida albicans,AF-Q59U06-F1-model_v4,PF00149.31,TLVTVFS,221,412,425,431,13
Candida albicans,AF-Q59KY8-F1-model_v4,PF00149.31,NIQPV,47,242,40,44,-3
Candida albicans,AF-A0A1D8PJF9-F1-model_v4,PF02775.24,EVIVTT,492,639,486,491,-1
Candida albicans,AF-A0A1D8PLD6-F1-model_v4,PF02775.24,EDIIIT,428,513,415,420,-8
Candida albicans,AF-A0A1D8PLD6-F1-model_v4,PF02775.24,KIRLIE,428,513,566,571,53
Candida albicans,AF-Q59MU3-F1-model_v4,PF02775.24,QFYEIIA,460,543,603,609,60
Candida albicans,AF-P83779-F1-model_v4,PF02775.24,KIRMVEV,408,490,536,542,46
Candida albicans,AF-A0A1D8PKZ6-F1-model_v4,PF00294.27,GTAQYVSMH,307,382,386,394,4
Candida albicans,AF-A0A1D8PQ26-F1-model_v4,PF00294.27,YKLVCL,24,342,4,9,-15
Candida albicans,AF-A0A1D8PQ26-F1-model_v4,PF00294.27,PLLDLQ,24,342,12,17,-7
Candida albicans,AF-A0A1D8PP41-F1-model_v4,PF04851.18,GMFYF,257,439,455,459,16
Candida albicans,AF-A0A1D8PKZ3-F1-model_v4,PF04851.18,PLEIY,89,237,252,256,15
Candida albicans,AF-A0A1D8PH33-F1-model_v4,PF04851.18,ETLCF,154,319,340,344,21
Candida albicans,AF-A0A1D8PFW0-F1-model_v4,PF04851.18,LIVHVD,298,485,504,509,19
Candida albicans,AF-P87206-F1-model_v4,PF04851.18,PVRIL,59,207,221,225,14
Candida albicans,AF-Q59MW2-F1-model_v4,PF04851.18,NPRLII,194,374,389,394,15
Candida albicans,AF-Q59S59-F1-model_v4,PF04851.18,SLIRVA,102,331,360,365,29
Candida albicans,AF-Q5AK09-F1-model_v4,PF10340.12,DVNIE,92,316,352,356,36
Candida albicans,AF-Q5A2U7-F1-model_v4,PF10340.12,SAYIDVT,127,354,387,393,33
Candida albicans,AF-A0A1D8PNT5-F1-model_v4,PF10340.12,FAYVEVV,91,315,348,354,33
Candida albicans,AF-A0A1D8PNU8-F1-model_v4,PF10340.12,GAYVKCI,144,405,437,443,32
Candida albicans,AF-A0A1D8PNQ4-F1-model_v4,PF10340.12,TAYAEVL,49,273,304,310,31
Candida albicans,AF-Q59L46-F1-model_v4,PF10340.12,GGVEYYTE,103,326,327,334,1
Candida albicans,AF-Q5A6R7-F1-model_v4,PF13439.9,NIAMV,17,180,4,8,-9
Candida albicans,AF-Q59LF2-F1-model_v4,PF13439.9,KIAFI,19,201,9,13,-6
Candida albicans,AF-A0A1D8PT53-F1-model_v4,PF00005.30,TVVFTI,411,556,580,585,24
Candida albicans,AF-Q5A0X6-F1-model_v4,PF00005.30,ETYSWSNISL,22,173,4,13,-9
Candida albicans,AF-Q5A0X6-F1-model_v4,PF00005.30,NMVIICS,22,173,195,201,22
Candida albicans,AF-Q59R09-F1-model_v4,PF00005.30,GEIRFENVSF,482,631,464,473,-9
Candida albicans,AF-P78595-F1-model_v4,PF00005.30,DTTPLIA,168,328,351,357,23
Candida albicans,AF-P78595-F1-model_v4,PF00005.30,NVVVL,168,328,371,375,43
Candida albicans,AF-Q5ABB0-F1-model_v4,PF00005.30,LQLQDVS,548,678,531,537,-11
Candida albicans,AF-Q5ABB0-F1-model_v4,PF00005.30,GGVLMVS,548,678,697,703,19
Candida albicans,AF-Q5ABB0-F1-model_v4,PF00005.30,EIWVA,548,678,715,719,37
Candida albicans,AF-Q5ANA3-F1-model_v4,PF00005.30,DTTPLIA,170,330,353,359,23
Candida albicans,AF-Q5ANA3-F1-model_v4,PF00005.30,KVVVL,170,330,373,377,43
Candida albicans,AF-Q5ANA3-F1-model_v4,PF00005.30,FFWRDLTY,878,1030,859,866,-12
Candida albicans,AF-Q5ANA3-F1-model_v4,PF00005.30,AILCT,878,1030,1053,1057,23
Candida albicans,AF-Q5ANA3-F1-model_v4,PF00005.30,RLLFL,878,1030,1071,1075,41
Candida albicans,AF-A0A1D8PKI5-F1-model_v4,PF00005.30,IYFKNVWF,391,539,373,380,-11
Candida albicans,AF-A0A1D8PKI5-F1-model_v4,PF00005.30,GKTTIFI,391,539,560,566,21
Candida albicans,AF-A0A1D8PTN6-F1-model_v4,PF00005.30,GVIKF,1259,1416,1240,1244,-15
Candida albicans,AF-A0A1D8PQ95-F1-model_v4,PF00005.30,KTTAFVT,157,317,340,346,23
Candida albicans,AF-A0A1D8PIM2-F1-model_v4,PF00005.30,CTILCI,1212,1404,1425,1430,21
Candida albicans,AF-Q5A2T2-F1-model_v4,PF00005.30,GGVVVVS,412,543,562,568,19
Candida albicans,AF-Q5AI20-F1-model_v4,PF00005.30,KKTAFIV,389,510,532,538,22
Candida albicans,AF-P25997-F1-model_v4,PF00005.30,TSIIVS,449,577,597,602,20
Candida albicans,AF-P25997-F1-model_v4,PF00005.30,YIIHY,449,577,614,618,37
Candida albicans,AF-A0A1D8PQ95-F1-model_v4,PF00005.30,FVWKDVDY,864,1015,845,852,-12
Candida albicans,AF-A0A1D8PQ95-F1-model_v4,PF00005.30,GQSILCT,864,1015,1036,1042,21
Candida albicans,AF-A0A1D8PCM6-F1-model_v4,PF00005.30,LEININNIHL,708,864,681,690,-18
Candida albicans,AF-A0A1D8PR42-F1-model_v4,PF00005.30,KTIITI,1327,1495,1516,1521,21
Candida albicans,AF-A0A1D8PJV3-F1-model_v4,PF00005.30,SNILTI,7,72,94,99,22
Candida albicans,AF-Q5A762-F1-model_v4,PF00005.30,GVVKF,1362,1531,1343,1347,-15
Candida albicans,AF-Q5A762-F1-model_v4,PF00005.30,KTILTI,1362,1531,1552,1557,21
Candida albicans,AF-Q5A762-F1-model_v4,PF00005.30,KILVLDSG,1362,1531,1569,1576,38
Candida albicans,AF-A0A1D8PE84-F1-model_v4,PF00005.30,FFWRDLTY,865,1017,846,853,-12
Candida albicans,AF-A0A1D8PE84-F1-model_v4,PF00005.30,AILCT,865,1017,1040,1044,23
Candida albicans,AF-A0A1D8PE84-F1-model_v4,PF00005.30,RLLFL,865,1017,1058,1062,41
Candida albicans,AF-A0A1D8PIM2-F1-model_v4,PF00005.30,LAIEVDHADF,567,698,477,486,-81
Candida albicans,AF-A0A1D8PIM2-F1-model_v4,PF00005.30,KTRILAT,567,698,723,729,25
Candida albicans,AF-P25997-F1-model_v4,PF00005.30,VKVSNMSF,690,930,672,679,-11
Candida albicans,AF-P25997-F1-model_v4,PF00005.30,GGIVIIT,690,930,949,955,19
Candida albicans,AF-P25997-F1-model_v4,PF00005.30,EVWAV,690,930,967,971,37
Candida albicans,AF-A0A1D8PK15-F1-model_v4,PF00005.30,FFWKDLTY,874,1025,854,861,-13
Candida albicans,AF-A0A1D8PK15-F1-model_v4,PF00005.30,AILCT,874,1025,1048,1052,23
Candida albicans,AF-A0A1D8PK15-F1-model_v4,PF00005.30,RLLFL,874,1025,1066,1070,41
Candida albicans,AF-P78595-F1-model_v4,PF00005.30,FFWRDLTY,876,1028,857,864,-12
Candida albicans,AF-P78595-F1-model_v4,PF00005.30,AILCT,876,1028,1051,1055,23
Candida albicans,AF-P78595-F1-model_v4,PF00005.30,KLLFL,876,1028,1069,1073,41
Candida albicans,AF-Q5AI20-F1-model_v4,PF00005.30,TYIICV,116,264,287,292,23
Candida albicans,AF-A0A1D8PCM6-F1-model_v4,PF00005.30,VGVKVRNLTVSV,53,207,16,27,-26
Candida albicans,AF-A0A1D8PCM6-F1-model_v4,PF00005.30,GITIILS,53,207,231,237,24
Candida albicans,AF-A0A1D8PQ34-F1-model_v4,PF00005.30,KDDIQF,479,633,457,462,-17
Candida albicans,AF-A0A1D8PQ34-F1-model_v4,PF00005.30,MTIISI,479,633,656,661,23
Candida albicans,AF-A0A1D8PQ34-F1-model_v4,PF00005.30,FVVVL,479,633,673,677,40
Candida albicans,AF-A0A1D8PRN3-F1-model_v4,PF00005.30,GLRFENIR,573,714,550,557,-16
Candida albicans,AF-A0A1D8PRN3-F1-model_v4,PF00005.30,TFISL,573,714,734,738,20
Candida albicans,AF-A0A1D8PRN3-F1-model_v4,PF00005.30,HVLEI,573,714,750,754,36
Candida albicans,AF-A0A1D8PFB0-F1-model_v4,PF00005.30,EITFDKVK,454,589,435,442,-12
Candida albicans,AF-A0A1D8PFB0-F1-model_v4,PF00005.30,ITVLSV,454,589,608,613,19
Candida albicans,AF-A0A1D8PFB0-F1-model_v4,PF00005.30,YLLKF,454,589,625,629,36
Candida albicans,AF-Q5A762-F1-model_v4,PF00005.30,YSVIV,687,830,650,654,-33
Candida albicans,AF-Q5A762-F1-model_v4,PF00005.30,NRCRILAT,687,830,856,863,26
Candida albicans,AF-Q5A2T2-F1-model_v4,PF00005.30,DRILILVS,97,254,272,279,18
Candida albicans,AF-Q5A2T2-F1-model_v4,PF00005.30,NMIDM,97,254,291,295,37
Candida albicans,AF-Q5AKU8-F1-model_v4,PF00005.30,IHIEF,322,482,304,308,-14
Candida albicans,AF-Q5AKU8-F1-model_v4,PF00005.30,DTTVISIG,322,482,504,511,22
Candida albicans,AF-A0A1D8PTY4-F1-model_v4,PF00005.30,ARMSNVT,824,1056,807,813,-11
Candida albicans,AF-A0A1D8PTY4-F1-model_v4,PF00005.30,GVVMIS,824,1056,1076,1081,20
Candida albicans,AF-Q59QD0-F1-model_v4,PF00005.30,LAIEVKNLTY,29,176,10,19,-10
Candida albicans,AF-Q59QD0-F1-model_v4,PF00005.30,NCTVVYAT,29,176,199,206,23
Candida albicans,AF-Q59QD0-F1-model_v4,PF00005.30,RVIHIDAG,29,176,219,226,43
Candida albicans,AF-A0A1D8PTN6-F1-model_v4,PF00005.30,ESVKIQNATF,631,770,594,603,-28
Candida albicans,AF-A0A1D8PTN6-F1-model_v4,PF00005.30,SKTIILCT,631,770,796,803,26
Candida albicans,AF-Q5A951-F1-model_v4,PF00005.30,GDIEFKGID,459,608,438,446,-13
Candida albicans,AF-Q5A951-F1-model_v4,PF00005.30,GVTLISI,459,608,630,636,22
Candida albicans,AF-Q5A951-F1-model_v4,PF00005.30,RIIVF,459,608,648,652,40
Candida albicans,AF-A0A1D8PR42-F1-model_v4,PF00005.30,VSIKNGTF,675,809,653,660,-15
Candida albicans,AF-A0A1D8PR42-F1-model_v4,PF00005.30,SKCKILAT,675,809,833,840,24
Candida albicans,AF-A0A1D8PKI5-F1-model_v4,PF00005.30,LAISFNNVSF,1054,1252,1033,1042,-12
Candida albicans,AF-A0A1D8PKI5-F1-model_v4,PF00005.30,LIVMKDG,1054,1252,1291,1297,39
Candida albicans,AF-Q5ABB0-F1-model_v4,PF00005.30,STVLVVS,215,395,414,420,19
Candida albicans,AF-A0A1D8PE84-F1-model_v4,PF00005.30,HTTPLVA,174,333,356,362,23
Candida albicans,AF-A0A1D8PK15-F1-model_v4,PF00005.30,DCTPVVA,164,323,346,352,23
Candida albicans,AF-A0A1D8PK15-F1-model_v4,PF00005.30,NVSVL,164,323,366,370,43
Candida albicans,AF-A0A1D8PMF4-F1-model_v4,PF08030.15,RVDFF,542,705,716,720,11
Candida albicans,AF-Q59ZI1-F1-model_v4,PF08030.15,KRVDYY,562,727,737,742,10
Candida albicans,AF-Q59WI9-F1-model_v4,PF08030.15,KRVELF,510,655,668,673,13
Candida albicans,AF-A0A1D8PN54-F1-model_v4,PF08030.15,RVDFY,532,688,699,703,11
Candida albicans,AF-A0A1D8PTF9-F1-model_v4,PF08030.15,RVDFY,532,709,719,723,10
Candida albicans,AF-A0A1D8PKY2-F1-model_v4,PF08030.15,PEVYCYTE,388,536,545,552,9
Candida albicans,AF-Q5A446-F1-model_v4,PF08030.15,HRVEYH,587,739,748,753,9
Candida albicans,AF-A0A1D8PQI6-F1-model_v4,PF08030.15,PNIYF,406,570,581,585,11
Candida albicans,AF-A0A1D8PME3-F1-model_v4,PF08030.15,RVEFH,565,717,727,731,10
Candida albicans,AF-A0A1D8PTG2-F1-model_v4,PF08030.15,RVDFY,230,380,392,396,12
Candida albicans,AF-A0A1D8PQM2-F1-model_v4,PF08030.15,EIYLHT,419,557,576,581,19
Candida albicans,AF-A0A1D8PN52-F1-model_v4,PF08030.15,RVDFYE,532,688,699,704,11
Candida albicans,AF-Q59PA1-F1-model_v4,PF08030.15,HRVELF,531,686,695,700,9
Candida albicans,AF-Q5AHE0-F1-model_v4,PF07992.17,TITTT,50,232,44,48,-2
Candida albicans,AF-Q5AHE0-F1-model_v4,PF07992.17,VGSLTQIS,50,232,247,254,15
Candida albicans,AF-Q5AHE0-F1-model_v4,PF07992.17,ADIIVA,50,232,385,390,153
Candida albicans,AF-Q5ALQ3-F1-model_v4,PF07992.17,TITTSS,50,232,44,49,-1
Candida albicans,AF-A0A1D8PR96-F1-model_v4,PF07992.17,ADAIILG,4,238,294,300,56
Candida albicans,AF-A0A1D8PR96-F1-model_v4,PF07992.17,SLAFV,4,238,327,331,89
Candida albicans,AF-Q5ADR2-F1-model_v4,PF00171.25,ECIIT,3,271,352,356,81
Candida albicans,AF-A0A1D8PSW6-F1-model_v4,PF00171.25,TGLFIN,30,493,21,26,-4
Candida albicans,AF-Q59T88-F1-model_v4,PF00171.25,AYINGK,36,501,30,35,-1
Candida albicans,AF-A0A1D8PM94-F1-model_v4,PF00171.25,FVNNE,48,517,43,47,-1
Candida albicans,AF-Q5AEC3-F1-model_v4,PF00171.25,FINGQ,21,484,16,20,-1
Candida albicans,AF-A0A1D8PJF1-F1-model_v4,PF02582.17,IVTSVT,145,328,103,108,-37
Candida albicans,AF-A0A1D8PQM8-F1-model_v4,PF02582.17,RMTAYF,374,551,216,221,-153
Candida albicans,AF-A0A1D8PJ57-F1-model_v4,PF02582.17,PRVTAYC,251,423,162,168,-83
Candida albicans,AF-Q5ADT6-F1-model_v4,PF01565.26,VTEAVCKV,103,239,266,273,27
Candida albicans,AF-A0A1D8PJK5-F1-model_v4,PF01565.26,ITGVSIL,98,233,262,268,29
Candida albicans,AF-A0A1D8PGR9-F1-model_v4,PF01565.26,EITLKL,127,269,298,303,29
Candida albicans,AF-Q5ABC8-F1-model_v4,PF01565.26,EATVKL,124,266,295,300,29
Candida albicans,AF-Q5APT8-F1-model_v4,PF00271.34,AKGTAHT,382,495,496,502,1
Candida albicans,AF-Q59LU0-F1-model_v4,PF00271.34,ASGTAIS,361,469,470,476,1
Candida albicans,AF-Q5ANN5-F1-model_v4,PF00271.34,PGKCFRL,442,564,565,571,1
Candida albicans,AF-Q5A337-F1-model_v4,PF00271.34,GTVIV,611,721,726,730,5
Candida albicans,AF-Q5A9Z6-F1-model_v4,PF00271.34,RKGTAIN,252,360,361,367,1
Candida albicans,AF-Q59KI4-F1-model_v4,PF00271.34,VKVFR,1237,1349,1354,1358,5
Candida albicans,AF-A0A1D8PP41-F1-model_v4,PF00271.34,QVMVF,554,644,505,509,-45
Candida albicans,AF-A0A1D8PP41-F1-model_v4,PF00271.34,GTGIL,554,644,651,655,7
Candida albicans,AF-Q59ZH9-F1-model_v4,PF00271.34,KEGVSVM,477,586,587,593,1
Candida albicans,AF-A0A1D8PFW0-F1-model_v4,PF00271.34,SLAIF,555,670,676,680,6
Candida albicans,AF-Q59W52-F1-model_v4,PF00271.34,NLGESFT,424,536,537,543,1
Candida albicans,AF-Q59PR3-F1-model_v4,PF00271.34,RKGDAVS,243,348,349,355,1
Candida albicans,AF-Q5APM7-F1-model_v4,PF00271.34,KKGKASL,339,451,452,458,1
Candida albicans,AF-Q5A4P9-F1-model_v4,PF00271.34,GMALS,250,400,403,407,3
Candida albicans,AF-A0A1D8PKZ3-F1-model_v4,PF00271.34,TKGLAVS,280,388,389,395,1
Candida albicans,AF-A0A1D8PH33-F1-model_v4,PF00271.34,GVAVI,377,509,516,520,7
Candida albicans,AF-Q5ADL0-F1-model_v4,PF00271.34,AKGNAIT,540,651,652,658,1
Candida albicans,AF-Q5A5N2-F1-model_v4,PF00271.34,CFIYR,518,629,635,639,6
Candida albicans,AF-Q5AKX3-F1-model_v4,PF00271.34,CFIYR,608,719,725,729,6
Candida albicans,AF-A0A1D8PG31-F1-model_v4,PF00271.34,GGILI,772,859,677,681,-91
Candida albicans,AF-Q5ACU6-F1-model_v4,PF00271.34,RSGKSIS,344,452,453,459,1
Candida albicans,AF-A0A1D8PJG4-F1-model_v4,PF00271.34,VRILR,821,934,939,943,5
Candida albicans,AF-Q9Y7C4-F1-model_v4,PF00271.34,KAGKAVT,364,473,474,480,1
Candida albicans,AF-Q5A4E2-F1-model_v4,PF00271.34,NVGIATA,430,538,539,545,1
Candida albicans,AF-A0A1D8PTJ0-F1-model_v4,PF00271.34,VKVYR,950,1054,1059,1063,5
Candida albicans,AF-Q59N29-F1-model_v4,PF00271.34,KVGRAIV,265,385,386,392,1
Candida albicans,AF-A0A1D8PP41-F1-model_v4,PF00271.34,GIAIV,1338,1479,1486,1490,7
Candida albicans,AF-P87206-F1-model_v4,PF00271.34,GVAIN,249,357,360,364,3
Candida albicans,AF-Q59MW2-F1-model_v4,PF00271.34,QVGYAYS,427,543,544,550,1
Candida albicans,AF-Q5AJD0-F1-model_v4,PF00271.34,RVGVSIS,375,489,490,496,1
Candida albicans,AF-A0A1D8PH70-F1-model_v4,PF00271.34,VNVYR,1685,1786,1791,1795,5
Candida albicans,AF-Q5A5R4-F1-model_v4,PF00271.34,SECVM,683,781,785,789,4
Candida albicans,AF-Q5AF95-F1-model_v4,PF00271.34,RKGKSLL,280,390,391,397,1
Candida albicans,AF-Q59S50-F1-model_v4,PF00271.34,RTIVF,455,555,421,425,-30
Candida albicans,AF-Q59S50-F1-model_v4,PF00271.34,NEGNATL,455,555,556,562,1
Candida albicans,AF-A0A1D8PRD5-F1-model_v4,PF00271.34,GIVIM,425,540,545,549,5
Candida albicans,AF-Q5AAW3-F1-model_v4,PF00271.34,HLGLAIN,255,362,363,369,1
Candida albicans,AF-Q5AK59-F1-model_v4,PF00271.34,GKGKSLM,344,448,451,457,3
Candida albicans,AF-Q59U81-F1-model_v4,PF00271.34,VHIYR,1368,1479,1484,1488,5
Candida albicans,AF-Q5A1A0-F1-model_v4,PF00271.34,RVIIF,519,636,500,504,-15
Candida albicans,AF-Q5A1A0-F1-model_v4,PF00271.34,RDGKVLM,519,636,637,643,1
Candida albicans,AF-A0A1D8PGK4-F1-model_v4,PF00271.34,VRILR,1103,1216,1221,1225,5
Candida albicans,AF-Q5AJ72-F1-model_v4,PF00271.34,VKIFR,612,727,732,736,5
Candida albicans,AF-Q5AJA5-F1-model_v4,PF00271.34,RPGKCFRL,294,434,435,442,1
Candida albicans,AF-Q5ANB2-F1-model_v4,PF00271.34,NKGWAYS,394,489,490,496,1
Candida albicans,AF-Q59TB2-F1-model_v4,PF00271.34,GFVTA,377,482,491,495,9
Candida albicans,AF-Q5ADM3-F1-model_v4,PF00271.34,TAGTCYHL,809,935,936,943,1
Candida albicans,AF-A0A1D8PL46-F1-model_v4,PF00271.34,VFVHR,932,1040,1045,1049,5
Candida albicans,AF-A0A1D8PDR9-F1-model_v4,PF01088.24,FAIMAIGPS,10,218,248,256,30
Candida albicans,AF-A0A1D8PNY8-F1-model_v4,PF01088.24,FSLLAVTNN,6,219,228,236,9
Candida albicans,AF-Q5AIB2-F1-model_v4,PF00332.21,SLGIT,431,573,322,326,-105
Candida albicans,AF-A0A1D8PL94-F1-model_v4,PF00332.21,IVGAN,628,711,592,596,-32
Candida albicans,AF-A0A1D8PKI3-F1-model_v4,PF00132.27,VRIGNNVKCGPNVSI,232,266,196,210,-22
Candida albicans,AF-O93827-F1-model_v4,PF00132.27,LANSQVKDHAWVKSTIV,262,293,294,310,1
Candida albicans,AF-A0A1D8PRL8-F1-model_v4,PF00155.24,WNMAE,44,381,22,26,-18
Candida albicans,AF-A0A1D8PPA8-F1-model_v4,PF00155.24,MINFF,45,407,1,5,-40
Candida albicans,AF-Q5AMN4-F1-model_v4,PF01738.21,GESSN,41,236,36,40,-1
Candida albicans,AF-A0A1D8PLD7-F1-model_v4,PF01738.21,MASSP,39,235,1,5,-34
Candida albicans,AF-A0A1D8PFD1-F1-model_v4,PF01255.22,KHVAM,52,274,47,51,-1
Candida albicans,AF-Q5AJZ3-F1-model_v4,PF01255.22,QHVGI,38,256,33,37,-1
Candida albicans,AF-Q59N64-F1-model_v4,PF05721.16,TLHGS,14,224,232,236,8
Candida albicans,AF-A0A1D8PTW1-F1-model_v4,PF05721.16,AYAFHVIDG,12,265,266,274,1
Candida albicans,AF-A0A1D8PIH6-F1-model_v4,PF03372.26,SVYAS,594,868,589,593,-1
Candida albicans,AF-A0A1D8PPY5-F1-model_v4,PF03372.26,MAEVQ,96,464,491,495,27
Candida albicans,AF-A0A1D8PNS1-F1-model_v4,PF00389.33,KVLMV,34,344,5,9,-25
Candida albicans,AF-Q59QN6-F1-model_v4,PF00389.33,KVLMV,34,339,5,9,-25
Candida albicans,AF-A0A1D8PCW3-F1-model_v4,PF00389.33,KVLLVG,25,335,9,14,-11
Candida albicans,AF-Q59SC0-F1-model_v4,PF00389.33,TNISRT,78,354,70,75,-3
Candida albicans,AF-Q5AD05-F1-model_v4,PF00080.23,PLVARFK,43,165,29,35,-8
Candida albicans,AF-Q5ACV9-F1-model_v4,PF00080.23,VAVADF,45,160,32,37,-8
Candida albicans,AF-A0A1D8PLJ3-F1-model_v4,PF00080.23,KAVAVVRG,14,150,3,10,-4
Candida albicans,AF-P43094-F1-model_v4,PF00026.26,PVAVTLHN,90,406,78,85,-5
Candida albicans,AF-Q59U59-F1-model_v4,PF00026.26,KLSKL,103,416,28,32,-71
Candida albicans,AF-Q5AC08-F1-model_v4,PF00026.26,PVAVKLDN,90,406,78,85,-5
Candida albicans,AF-Q59VH7-F1-model_v4,PF00026.26,TPSAVS,226,576,158,163,-63
Candida albicans,AF-Q5A8N2-F1-model_v4,PF00026.26,AVKLDN,89,405,79,84,-5
Candida albicans,AF-P0CY29-F1-model_v4,PF00026.26,QTVPVKLIN,71,386,59,67,-4
Candida albicans,AF-Q5AEM6-F1-model_v4,PF00026.26,KVVSLDFTV,88,394,36,44,-44
Candida albicans,AF-A0A1D8PMQ3-F1-model_v4,PF04991.16,KVIFM,382,486,225,229,-153
Candida albicans,AF-A0A1D8PMM6-F1-model_v4,PF04991.16,SILFLT,606,723,442,447,-159
Candida albicans,AF-A0A1D8PQ19-F1-model_v4,PF04991.16,KVIIL,554,676,323,327,-227
Candida albicans,AF-A0A1D8PGW8-F1-model_v4,PF04991.16,RLIFL,453,614,268,272,-181
Candida albicans,AF-Q5AHE5-F1-model_v4,PF04991.16,TLTML,455,567,286,290,-165
Candida albicans,AF-A0A1D8PCT5-F1-model_v4,PF04991.16,TLVFL,483,601,257,261,-222
Candida albicans,AF-A0A1D8PMM8-F1-model_v4,PF00107.29,GPVVCVS,183,317,171,177,-6
Candida albicans,AF-A0A1D8PQE3-F1-model_v4,PF00107.29,SILIW,172,247,162,166,-6
Candida albicans,AF-A0A1D8PQE3-F1-model_v4,PF00107.29,VFLDS,172,247,252,256,5
Candida albicans,AF-Q5A1B1-F1-model_v4,PF00107.29,SILIWSG,172,246,162,168,-4
Candida albicans,AF-Q5A1B1-F1-model_v4,PF00107.29,VYLDS,172,246,252,256,6
Candida albicans,AF-A0A1D8PSE7-F1-model_v4,PF00107.29,SILIW,172,246,162,166,-6
Candida albicans,AF-A0A1D8PSE7-F1-model_v4,PF00107.29,VYLDS,172,246,252,256,6
Candida albicans,AF-A0A1D8PIW1-F1-model_v4,PF00107.29,KDWFIQN,179,303,168,174,-5
Candida albicans,AF-Q5AHE9-F1-model_v4,PF00107.29,YKDSKVLVIGG,178,264,164,174,-4
Candida albicans,AF-A0A1D8PU61-F1-model_v4,PF00107.29,TGYGA,207,327,182,186,-21
Candida albicans,AF-A0A1D8PU61-F1-model_v4,PF00107.29,EGDNVAVF,207,327,195,202,-5
Candida albicans,AF-Q5ANC5-F1-model_v4,PF00107.29,NTILIW,224,302,213,218,-6
Candida albicans,AF-Q5ANC5-F1-model_v4,PF00107.29,PKFSG,224,302,319,323,17
Candida albicans,AF-Q59T48-F1-model_v4,PF00107.29,KGKKILVF,171,257,158,165,-6
Candida albicans,AF-A0A1D8PP43-F1-model_v4,PF00107.29,WVAISGA,184,312,175,181,-3
Candida albicans,AF-A0A1D8PSZ0-F1-model_v4,PF00107.29,ALILGGG,258,384,251,257,-1
Candida albicans,AF-Q59ZH5-F1-model_v4,PF00107.29,GPIVCVS,182,316,170,176,-6
Candida albicans,AF-O94038-F1-model_v4,PF00107.29,WVAISGA,182,310,173,179,-3
Candida albicans,AF-A0A1D8PH64-F1-model_v4,PF00107.29,KVLVQGCG,123,242,115,122,-1
Candida albicans,AF-A0A1D8PIM0-F1-model_v4,PF00107.29,AILIW,177,253,167,171,-6
Candida albicans,AF-A0A1D8PIM0-F1-model_v4,PF00107.29,VYLDS,177,253,264,268,11
Candida albicans,AF-A0A1D8PH67-F1-model_v4,PF00107.29,KVLVQGCG,190,310,182,189,-1
Candida albicans,AF-A0A1D8PSF7-F1-model_v4,PF00107.29,SILIW,172,246,162,166,-6
Candida albicans,AF-A0A1D8PSF7-F1-model_v4,PF00107.29,VFIDS,172,246,252,256,6
Candida albicans,AF-A0A1D8PFX1-F1-model_v4,PF13589.9,QGTVVIAA,46,138,161,168,23
Candida albicans,AF-A0A1D8PFX1-F1-model_v4,PF13589.9,VNLKIFLV,46,138,207,214,69
Candida albicans,AF-A0A1D8PII6-F1-model_v4,PF13589.9,SGTSIMIE,30,132,152,159,20
Candida albicans,AF-A0A1D8PII6-F1-model_v4,PF13589.9,IKFTIYNV,30,132,197,204,65
Candida albicans,AF-Q59SL0-F1-model_v4,PF13589.9,DGTQIIVEDL,28,126,156,165,30
Candida albicans,AF-Q5AMP2-F1-model_v4,PF03446.18,AIVGG,14,83,99,103,16
Candida albicans,AF-A0A1D8PFS4-F1-model_v4,PF03446.18,VGDAG,8,175,176,180,1
Candida albicans,AF-Q5ALQ3-F1-model_v4,PF00743.22,TITTSS,50,233,44,49,-1
Candida albicans,AF-Q5AHE0-F1-model_v4,PF00743.22,TITTT,49,234,44,48,-1
Candida albicans,AF-Q5AHE0-F1-model_v4,PF00743.22,VGSLTQIS,49,234,247,254,13
Candida albicans,AF-Q5AHE0-F1-model_v4,PF00743.22,ADIIVA,49,234,385,390,151
Candida albicans,AF-A0A1D8PR96-F1-model_v4,PF00743.22,ADAIILG,119,250,294,300,44
Candida albicans,AF-A0A1D8PR96-F1-model_v4,PF00743.22,SLAFV,119,250,327,331,77
Candida albicans,AF-Q59U11-F1-model_v4,PF16575.8,PKIIMII,265,455,258,264,-1
Candida albicans,AF-Q59ST8-F1-model_v4,PF16575.8,GPKVLII,149,350,142,148,-1
Candida albicans,AF-P0CU38-F1-model_v4,PF05792.16,VTTTEYWSE,1877,1905,1841,1849,-28
Candida albicans,AF-P0CU38-F1-model_v4,PF05792.16,VTTTEYWSES,1805,1836,1841,1850,5
Candida albicans,AF-A0A1D8PQ86-F1-model_v4,PF05792.16,RSSSY,437,468,1432,1436,964
Candida albicans,AF-P0CU38-F1-model_v4,PF05792.16,VTTTEY,1697,1728,1661,1666,-31
Candida albicans,AF-P0CU38-F1-model_v4,PF05792.16,VTTTEYW,2093,2124,2129,2135,5
Candida albicans,AF-P0CU38-F1-model_v4,PF05792.16,VTTTEY,1625,1656,1661,1666,5
Candida albicans,AF-P0CY35-F1-model_v4,PF03144.28,LPLQDV,258,324,246,251,-7
Candida albicans,AF-Q5A0M4-F1-model_v4,PF03144.28,PNADLMLYV,395,470,374,382,-13
Candida albicans,AF-Q59P53-F1-model_v4,PF03144.28,LRALL,258,328,244,248,-10
Candida albicans,AF-Q59WB7-F1-model_v4,PF03144.28,TIAYV,517,599,416,420,-97
Candida albicans,AF-Q59YE8-F1-model_v4,PF03144.28,FMMPV,539,607,527,531,-8
Candida albicans,AF-Q5AGF6-F1-model_v4,PF03144.28,LIVIRS,341,423,321,326,-15
Candida albicans,AF-A0A1D8PC43-F1-model_v4,PF00288.29,QLWLN,102,160,58,62,-40
Candida albicans,AF-Q92209-F1-model_v4,PF00288.29,LLSYEG,91,152,52,57,-34
Candida albicans,AF-A0A1D8PHR5-F1-model_v4,PF02525.20,KVAIII,34,157,5,10,-24
Candida albicans,AF-A0A1D8PT02-F1-model_v4,PF02525.20,VAIII,19,119,5,9,-10
Candida albicans,AF-A0A1D8PII6-F1-model_v4,PF02518.29,IKFTIYNV,26,83,197,204,114
Candida albicans,AF-A0A1D8PFX1-F1-model_v4,PF02518.29,QGTVVIAA,47,138,161,168,23
Candida albicans,AF-A0A1D8PFX1-F1-model_v4,PF02518.29,VNLKIFLV,47,138,207,214,69
Candida albicans,AF-Q5A599-F1-model_v4,PF02518.29,DLTYQC,612,726,597,602,-10
Candida albicans,AF-A0A1D8PTU9-F1-model_v4,PF02518.29,EIQLIA,354,501,338,343,-11
Candida albicans,AF-Q5AQ47-F1-model_v4,PF02146.20,KNIMVIT,307,534,300,306,-1
Candida albicans,AF-Q5A985-F1-model_v4,PF02146.20,KVTFFN,26,208,20,25,-1
Candida albicans,AF-Q5A985-F1-model_v4,PF02146.20,CLRVLV,26,208,220,225,12
Candida albicans,AF-O59923-F1-model_v4,PF02146.20,KILIN,246,437,451,455,14
Candida albicans,AF-Q5A1W9-F1-model_v4,PF02146.20,KKMTVLT,40,267,33,39,-1
Candida albicans,AF-Q5A1W9-F1-model_v4,PF02146.20,VIYVN,40,267,287,291,20
Candida albicans,AF-Q5AI90-F1-model_v4,PF02146.20,KIIALV,23,250,17,22,-1
Candida albicans,AF-Q5AI90-F1-model_v4,PF02146.20,GKVAIFN,23,250,263,269,13
Candida albicans,AF-A0A1D8PIB2-F1-model_v4,PF13522.9,MCGIFAAYR,32,161,1,9,-23
Candida albicans,AF-A0A1D8PE37-F1-model_v4,PF13522.9,CGILG,70,206,2,6,-64
Candida albicans,AF-Q5ACK7-F1-model_v4,PF00270.32,PVRIM,154,323,332,336,9
Candida albicans,AF-Q5AF95-F1-model_v4,PF00270.32,PNKIG,72,241,250,254,9
Candida albicans,AF-Q59N29-F1-model_v4,PF00270.32,PVKVQ,34,219,232,236,13
Candida albicans,AF-A0A1D8PP41-F1-model_v4,PF00270.32,GMFYF,257,440,455,459,15
Candida albicans,AF-A0A1D8PKZ3-F1-model_v4,PF00270.32,PLEIY,74,241,252,256,11
Candida albicans,AF-Q9Y7C4-F1-model_v4,PF00270.32,PLRII,155,327,336,340,9
Candida albicans,AF-Q5ANB2-F1-model_v4,PF00270.32,PVLVR,123,287,298,302,11
Candida albicans,AF-Q5A9Z6-F1-model_v4,PF00270.32,PVKIL,51,213,224,228,11
Candida albicans,AF-Q59S59-F1-model_v4,PF00270.32,SLIRVA,145,348,360,365,12
Candida albicans,AF-Q59MW2-F1-model_v4,PF00270.32,NPRLII,218,381,389,394,8
Candida albicans,AF-A0A1D8PFW0-F1-model_v4,PF00270.32,LIVHVD,301,491,504,509,13
Candida albicans,AF-Q5AAW3-F1-model_v4,PF00270.32,PYEIN,55,218,228,232,10
Candida albicans,AF-Q5ADM3-F1-model_v4,PF00270.32,TPLHI,578,735,748,752,13
Candida albicans,AF-Q5A4E2-F1-model_v4,PF00270.32,YVFLS,210,394,403,407,9
Candida albicans,AF-Q5AK59-F1-model_v4,PF00270.32,PLYIN,132,303,312,316,9
Candida albicans,AF-Q59ZH9-F1-model_v4,PF00270.32,PTLVD,221,412,448,452,36
Candida albicans,AF-A0A1D8PH33-F1-model_v4,PF00270.32,ETLCF,156,321,340,344,19
Candida albicans,AF-P87206-F1-model_v4,PF00270.32,PVRIL,48,212,221,225,9
Candida albicans,AF-Q5ADL0-F1-model_v4,PF00270.32,PVVIIV,319,492,501,506,9
Candida albicans,AF-Q5ACU6-F1-model_v4,PF00270.32,PVRVA,142,309,317,321,8
Candida albicans,AF-Q5A337-F1-model_v4,PF00270.32,IYVIS,293,441,456,460,15
Candida albicans,AF-A0A1D8PRD5-F1-model_v4,PF00270.32,CHVVY,143,290,305,309,15
Candida albicans,AF-Q5A6L1-F1-model_v4,PF00206.23,ELNVF,10,340,355,359,15
Candida albicans,AF-A0A1D8PKV4-F1-model_v4,PF00206.23,ELNVF,35,367,382,386,15
Candida albicans,AF-Q59X29-F1-model_v4,PF13519.9,VAVDIIN,6,114,137,143,23
Candida albicans,AF-A0A1D8PSH5-F1-model_v4,PF13519.9,INLTFV,6,128,150,155,22
Candida albicans,AF-A0A1D8PJI5-F1-model_v4,PF00884.26,PRGKS,11,450,465,469,15
Candida albicans,AF-Q5A3M6-F1-model_v4,PF00884.26,LFLIVG,226,308,50,55,-171
Candida albicans,AF-Q5A845-F1-model_v4,PF00106.28,NGECIVLD,5,198,221,228,23
Candida albicans,AF-A0A1D8PR28-F1-model_v4,PF00106.28,GEIKL,37,224,254,258,30
Candida albicans,AF-A0A1D8PDW2-F1-model_v4,PF00106.28,VRVLI,94,224,232,236,8
Candida albicans,AF-A0A1D8PFE1-F1-model_v4,PF04427.21,RLLVIS,33,225,27,32,-1
Candida albicans,AF-A0A1D8PFE1-F1-model_v4,PF04427.21,TVLEGS,33,225,226,231,1
Candida albicans,AF-Q5AFD8-F1-model_v4,PF04427.21,KILLTT,111,270,95,100,-11
Candida albicans,AF-Q59ZG6-F1-model_v4,PF04427.21,SALFVPGST,38,235,29,37,-1
Candida albicans,AF-A0A1D8PU19-F1-model_v4,PF04427.21,KSMVLH,36,325,24,29,-7
Candida albicans,AF-Q59L46-F1-model_v4,PF07859.16,GGVEYYTE,115,326,327,334,1
Candida albicans,AF-Q5A2U7-F1-model_v4,PF07859.16,SAYIDVT,147,349,387,393,38
Candida albicans,AF-Q5AK09-F1-model_v4,PF07859.16,DVNIE,111,310,352,356,42
Candida albicans,AF-A0A1D8PNQ4-F1-model_v4,PF07859.16,TAYAEVL,68,272,304,310,32
Candida albicans,AF-A0A1D8PNT5-F1-model_v4,PF07859.16,FAYVEVV,111,313,348,354,35
Candida albicans,AF-A0A1D8PNU8-F1-model_v4,PF07859.16,GAYVKCI,220,401,437,443,36
Candida albicans,AF-A0A1D8PQ06-F1-model_v4,PF05193.24,DNTGKLITYLKS,700,887,948,959,61
Candida albicans,AF-Q59R27-F1-model_v4,PF05193.24,TGLQLTYI,272,454,107,114,-158
Candida albicans,AF-A0A1D8PN84-F1-model_v4,PF05193.24,GLRLIT,207,401,50,55,-152
Candida albicans,AF-A0A1D8PP59-F1-model_v4,PF05193.24,DIVISGTGL,183,353,412,420,59
Candida albicans,AF-Q5A301-F1-model_v4,PF05193.24,NVFSI,235,410,79,83,-152
Candida albicans,AF-Q5A301-F1-model_v4,PF05193.24,QKFKFT,235,410,503,508,93
Candida albicans,AF-A0A1D8PCY8-F1-model_v4,PF05193.24,PIALAAVG,194,385,443,450,58
Candida albicans,AF-A0A1D8PEY6-F1-model_v4,PF00168.33,YTLSF,693,786,815,819,29
Candida albicans,AF-A0A1D8PEY6-F1-model_v4,PF00168.33,GELKI,565,661,665,669,4
Candida albicans,AF-A0A1D8PCX0-F1-model_v4,PF00168.33,LDIKY,399,500,518,522,18
Candida albicans,AF-A0A1D8PCX0-F1-model_v4,PF00168.33,PKIRL,546,645,656,660,11
Candida albicans,AF-A0A1D8PEY6-F1-model_v4,PF00168.33,FGLHF,423,515,537,541,22
Candida albicans,AF-Q5A4W7-F1-model_v4,PF01575.22,LPVLIGEAEIE,1506,1634,1635,1645,1
Candida albicans,AF-A0A1D8PJ13-F1-model_v4,PF01575.22,AAIKL,782,894,895,899,1
Candida albicans,AF-A0A1D8PJN1-F1-model_v4,PF10996.11,GGAAVLPT,251,362,237,244,-7
Candida albicans,AF-A0A1D8PJN1-F1-model_v4,PF10996.11,RCGLSF,251,362,644,649,282
Candida albicans,AF-Q59P50-F1-model_v4,PF10996.11,GRVLLPV,344,468,332,338,-6
Candida albicans,AF-Q59NX9-F1-model_v4,PF00590.23,LVMLGR,1,237,249,254,12
Candida albicans,AF-P0CU37-F1-model_v4,PF00590.23,LVMLGR,1,237,249,254,12
Candida albicans,AF-A0A1D8PGS2-F1-model_v4,PF00590.23,GLLVTG,275,484,497,502,13
Candida albicans,AF-Q59VP0-F1-model_v4,PF07819.16,GLISIY,108,234,249,254,15
Candida albicans,AF-Q5AI09-F1-model_v4,PF07819.16,QYFSFG,149,200,244,249,44
Candida albicans,AF-Q59U61-F1-model_v4,PF12146.11,YVSLITT,240,405,419,425,14
Candida albicans,AF-A0A1D8PU91-F1-model_v4,PF12146.11,NKTILILS,112,217,86,93,-19
Candida albicans,AF-A0A1D8PU91-F1-model_v4,PF12146.11,PVLLL,112,217,231,235,14
Candida albicans,AF-A0A1D8PT03-F1-model_v4,PF03358.18,PYGAGT,1,144,162,167,18
Candida albicans,AF-Q59Y37-F1-model_v4,PF03358.18,RVAIII,18,143,5,10,-8
Candida albicans,AF-A0A1D8PT02-F1-model_v4,PF03358.18,YGAGT,55,143,164,168,21
Candida albicans,AF-A0A1D8PHR5-F1-model_v4,PF03358.18,KVAIII,26,127,5,10,-16
Candida albicans,AF-A0A1D8PLB8-F1-model_v4,PF01764.28,AGYEY,103,264,268,272,4
Candida albicans,AF-Q5A4N0-F1-model_v4,PF01764.28,KTVVIGIKG,336,374,263,271,-65
Candida albicans,AF-A0A1D8PFA3-F1-model_v4,PF00561.23,SGKVEYFEL,131,461,469,477,8
Candida albicans,AF-A0A1D8PU91-F1-model_v4,PF00561.23,NKTILILS,112,200,86,93,-19
Candida albicans,AF-A0A1D8PU91-F1-model_v4,PF00561.23,PVLLL,112,200,231,235,31
Candida albicans,AF-A0A1D8PPI6-F1-model_v4,PF05368.16,SEQSA,6,230,237,241,7
Candida albicans,AF-A0A1D8PRL3-F1-model_v4,PF05368.16,NIANG,7,211,212,216,1
Candida albicans,AF-Q5A3M5-F1-model_v4,PF04426.15,CYMSR,527,645,691,695,46
Candida albicans,AF-A0A1D8PC83-F1-model_v4,PF04426.15,YQCLI,503,721,450,454,-49
Candida albicans,AF-A0A1D8PRN7-F1-model_v4,PF00067.25,NVEMY,88,506,518,522,12
Candida albicans,AF-Q5A6K0-F1-model_v4,PF00067.25,KLNFEK,20,366,378,383,12
Candida albicans,AF-A0A1D8PG39-F1-model_v4,PF00928.24,CDYRFK,246,639,655,660,16
Candida albicans,AF-A0A1D8PG39-F1-model_v4,PF00928.24,CFVVA,246,639,665,669,26
Candida albicans,AF-A0A1D8PND9-F1-model_v4,PF00928.24,SFEFT,308,498,505,509,7
Candida albicans,AF-A0A1D8PND9-F1-model_v4,PF00928.24,FDLHSNI,308,498,559,565,61
Candida albicans,AF-A0A1D8PND9-F1-model_v4,PF00928.24,NYVIQ,308,498,569,573,71
Candida albicans,AF-Q5A6S3-F1-model_v4,PF00483.26,IFLGS,7,160,231,235,71
Candida albicans,AF-Q5AL34-F1-model_v4,PF00483.26,IYIFD,5,145,222,226,77
Candida albicans,AF-Q96UX5-F1-model_v4,PF00004.32,SMCGA,130,235,236,240,1
Candida albicans,AF-Q5A889-F1-model_v4,PF00004.32,IICIA,242,338,377,381,39
Candida albicans,AF-Q59ZE6-F1-model_v4,PF00004.32,IRLPQNS,559,690,500,506,-53
Candida albicans,AF-Q59ZE6-F1-model_v4,PF00004.32,SILLTS,559,690,551,556,-3
Candida albicans,AF-A0A1D8PHI0-F1-model_v4,PF00004.32,TYDLPF,387,472,509,514,37
Candida albicans,AF-Q59MG1-F1-model_v4,PF01866.20,KRVALQ,98,398,92,97,-1
Candida albicans,AF-Q59SJ9-F1-model_v4,PF01866.20,KRITLQ,80,404,74,79,-1
Candida albicans,AF-A0A1D8PL26-F1-model_v4,PF01866.20,KRITLQ,80,404,74,79,-1
Candida albicans,AF-Q5A8Y7-F1-model_v4,PF03876.20,MAEFEV,9,66,67,72,1
Candida albicans,AF-Q5A298-F1-model_v4,PF03876.20,YVEVRF,8,64,67,72,3
Candida albicans,AF-A0A1D8PPM9-F1-model_v4,PF00724.23,EIAPLG,27,375,19,24,-3
Candida albicans,AF-A0A1D8PPM0-F1-model_v4,PF00724.23,VIKPLG,17,360,9,14,-3
Candida albicans,AF-A0A1D8PPK1-F1-model_v4,PF00724.23,DVTPLG,27,376,19,24,-3
Candida albicans,AF-Q5ALV0-F1-model_v4,PF05063.17,LPPQW,339,501,319,323,-16
Candida albicans,AF-A0A1D8PS73-F1-model_v4,PF05063.17,RFDVIMIG,141,286,124,131,-10
Candida albicans,AF-A0A1D8PEI4-F1-model_v4,PF00122.23,KGGGV,611,806,811,815,5
Candida albicans,AF-A0A1D8PJN3-F1-model_v4,PF00122.23,KWVIGFC,308,386,432,438,46
Candida albicans,AF-A0A1D8PNQ8-F1-model_v4,PF01556.21,VGDNIEVL,189,406,181,188,-1
Candida albicans,AF-A0A1D8PPM1-F1-model_v4,PF01556.21,KRKGDSAQ,138,364,130,137,-1
Candida albicans,AF-Q59LQ6-F1-model_v4,PF01253.25,NIKIH,24,99,103,107,4
Candida albicans,AF-A0A1D8PCL3-F1-model_v4,PF01253.25,YINFED,417,488,491,496,3
Candida albicans,AF-Q59SK8-F1-model_v4,PF01253.25,IELTD,137,221,233,237,12
Candida albicans,AF-A0A1D8PS33-F1-model_v4,PF04055.24,LVNIK,97,253,92,96,-1
Candida albicans,AF-A0A1D8PPU8-F1-model_v4,PF04055.24,LCMET,442,625,437,441,-1
Candida albicans,AF-A0A1D8PCV7-F1-model_v4,PF01370.24,SYSSL,986,1245,972,976,-10
Candida albicans,AF-A0A1D8PCV7-F1-model_v4,PF01370.24,LTVAHV,986,1245,1252,1257,7
Candida albicans,AF-Q5ABT9-F1-model_v4,PF01370.24,ILLNS,7,263,264,268,1
Candida albicans,AF-A0A1D8PEJ8-F1-model_v4,PF01370.24,LARVN,4,253,301,305,48
Candida albicans,AF-A0A1D8PS29-F1-model_v4,PF01370.24,RLMLV,5,254,257,261,3
Candida albicans,AF-A0A1D8PTY3-F1-model_v4,PF12799.10,LIKLDIRK,354,394,401,408,7
Candida albicans,AF-A0A1D8PH87-F1-model_v4,PF12799.10,VYAID,352,388,408,412,20
Candida albicans,AF-Q5ADP0-F1-model_v4,PF00850.22,RIAYF,37,323,19,23,-14
Candida albicans,AF-A0A1D8PLH8-F1-model_v4,PF00850.22,TLIVL,220,589,164,168,-52
Candida albicans,AF-A0A1D8PJ17-F1-model_v4,PF00850.22,NVSYH,54,346,36,40,-14
Candida albicans,AF-A0A1D8PSA6-F1-model_v4,PF00850.22,RVAYF,36,322,18,22,-14
Candida albicans,AF-Q59Y41-F1-model_v4,PF00488.24,LTILV,796,992,760,764,-32
Candida albicans,AF-A0A1D8PS25-F1-model_v4,PF00488.24,LSRIH,554,737,549,553,-1
Candida albicans,AF-Q59R28-F1-model_v4,PF11051.11,ILFLHC,275,544,614,619,70
Candida albicans,AF-Q59KJ7-F1-model_v4,PF11051.11,ILFVHA,246,526,567,572,41
Candida albicans,AF-Q5AP90-F1-model_v4,PF11051.11,LFTVHC,173,448,498,503,50
Candida albicans,AF-Q59WF4-F1-model_v4,PF11051.11,IIFMHL,187,461,475,480,14
Candida albicans,AF-Q59ZH1-F1-model_v4,PF03061.25,SKCVLVE,121,185,205,211,20
Candida albicans,AF-A0A1D8PI65-F1-model_v4,PF03061.25,LLTSCKVLVIE,122,192,221,231,29
Candida albicans,AF-Q5A5B0-F1-model_v4,PF00702.29,IDNICS,520,667,299,304,-216
Candida albicans,AF-Q5AJ65-F1-model_v4,PF00702.29,ATAVCS,743,887,480,485,-258
Candida albicans,AF-A0A1D8PGL4-F1-model_v4,PF00702.29,DIFARM,697,944,1025,1030,81
Candida albicans,AF-Q5A3M6-F1-model_v4,PF01663.25,AKRLFLIVGDGLR,193,277,47,59,-134
Candida albicans,AF-Q5A3M6-F1-model_v4,PF01663.25,KHTYS,193,277,140,144,-49
Candida albicans,AF-A0A1D8PGZ7-F1-model_v4,PF01663.25,KAILLVI,228,316,91,97,-131
Candida albicans,AF-A0A1D8PGZ7-F1-model_v4,PF01663.25,TIAFMG,228,316,188,193,-35
Candida albicans,AF-Q8TGB2-F1-model_v4,PF01663.25,KFILMVV,188,269,62,68,-120
Candida albicans,AF-Q5ABB4-F1-model_v4,PF00300.25,AFGNT,16,197,203,207,6
Candida albicans,AF-A0A1D8PCP7-F1-model_v4,PF00300.25,GSLYLA,389,535,330,335,-54
Candida albicans,AF-A0A1D8PU57-F1-model_v4,PF00300.25,KLFYIQ,118,266,80,85,-33
Candida albicans,AF-Q5AKX3-F1-model_v4,PF00176.26,DCFIYR,276,566,724,729,158
Candida albicans,AF-Q5AKX3-F1-model_v4,PF00176.26,AFQYI,276,566,842,846,276
Candida albicans,AF-Q59KI4-F1-model_v4,PF00176.26,VFRLVT,689,975,1356,1361,381
Candida albicans,AF-Q5AI84-F1-model_v4,PF00176.26,IRITR,255,577,801,805,224
Candida albicans,AF-A0A1D8PH70-F1-model_v4,PF00176.26,VNVYRL,1320,1609,1791,1796,182
Candida albicans,AF-A0A1D8PTM3-F1-model_v4,PF00176.26,DITIYR,274,595,736,741,141
Candida albicans,AF-Q5A5N2-F1-model_v4,PF00176.26,PCFIYR,218,478,634,639,156
Candida albicans,AF-A0A1D8PEJ8-F1-model_v4,PF13460.9,LARVN,8,175,301,305,126
Candida albicans,AF-Q5AP65-F1-model_v4,PF13460.9,KVIIV,7,162,212,216,50
Candida albicans,AF-A0A1D8PRL3-F1-model_v4,PF13460.9,NIANG,11,203,212,216,9
Candida albicans,AF-A0A1D8PLU7-F1-model_v4,PF13855.9,TLDLKQC,456,513,528,534,15
Candida albicans,AF-A0A1D8PTY3-F1-model_v4,PF13855.9,LIKLDIRK,332,389,401,408,12
Candida albicans,AF-Q59WC1-F1-model_v4,PF13855.9,VISIKD,54,112,127,132,15
Candida albicans,AF-Q5ADQ2-F1-model_v4,PF13855.9,VLDVRL,1077,1133,1152,1157,19
Candida albicans,AF-A0A1D8PH38-F1-model_v4,PF13855.9,NDFVFQN,57,114,35,41,-16
Candida albicans,AF-A0A1D8PH38-F1-model_v4,PF13855.9,FLDVRHC,57,114,129,135,15
Candida albicans,AF-Q5ABT9-F1-model_v4,PF01073.22,ILLNS,8,257,264,268,7
Candida albicans,AF-A0A1D8PEJ8-F1-model_v4,PF01073.22,LARVN,6,223,301,305,78
Candida albicans,AF-A0A1D8PCV7-F1-model_v4,PF01073.22,SYSSL,988,1241,972,976,-12
Candida albicans,AF-A0A1D8PCV7-F1-model_v4,PF01073.22,LTVAHV,988,1241,1252,1257,11
Candida albicans,AF-A0A1D8PS29-F1-model_v4,PF01073.22,RLMLV,7,249,257,261,8
Candida albicans,AF-Q59S63-F1-model_v4,PF01416.23,SRIYEYL,392,497,263,269,-123
Candida albicans,AF-Q59N30-F1-model_v4,PF01416.23,SRHYRYI,277,383,256,262,-15
Candida albicans,AF-Q59PS6-F1-model_v4,PF00481.24,DNMTL,27,300,309,313,9
Candida albicans,AF-Q5A388-F1-model_v4,PF00481.24,EDDRAE,196,456,177,182,-14
Candida albicans,AF-Q5AEL8-F1-model_v4,PF01553.24,EINIEV,66,195,212,217,17
Candida albicans,AF-A0A1D8PIC6-F1-model_v4,PF01553.24,LFQPI,200,306,325,329,19
Candida albicans,AF-A0A1D8PPL6-F1-model_v4,PF01553.24,YYIKG,88,280,309,313,29
Candida albicans,AF-Q5A0J6-F1-model_v4,PF01553.24,SVVPV,62,272,297,301,25
Candida albicans,AF-A0A1D8PGN7-F1-model_v4,PF00156.30,DTKFGIF,12,127,142,148,15
Candida albicans,AF-A0A1D8PS11-F1-model_v4,PF00156.30,PVLSI,49,166,183,187,17
Candida albicans,AF-Q9P8W1-F1-model_v4,PF03583.17,LASYQ,116,403,96,100,-16
Candida albicans,AF-A0A1D8PEQ3-F1-model_v4,PF03583.17,PSKVVSYQ,118,408,95,102,-16
Candida albicans,AF-A0A1D8PER6-F1-model_v4,PF03583.17,VLSYQ,118,408,98,102,-16
Candida albicans,AF-Q9P4E7-F1-model_v4,PF03583.17,LISHQ,114,382,94,98,-16
Candida albicans,AF-Q9P4E7-F1-model_v4,PF03583.17,GGCKH,114,382,383,387,1
Candida albicans,AF-Q5APG1-F1-model_v4,PF03583.17,VVSYQ,119,408,98,102,-17
Candida albicans,AF-Q9P8W0-F1-model_v4,PF03583.17,IASYQ,116,403,96,100,-16
Candida albicans,AF-Q9P4E6-F1-model_v4,PF03583.17,IASYQ,116,403,96,100,-16
Candida albicans,AF-Q9P4E5-F1-model_v4,PF03583.17,LVSYQ,118,408,98,102,-16
Candida albicans,AF-Q9P8V9-F1-model_v4,PF03583.17,VASYQ,116,403,96,100,-16
Candida albicans,AF-Q9P4E8-F1-model_v4,PF03583.17,VVSYQ,119,408,98,102,-17
Candida albicans,AF-A0A1D8PTV2-F1-model_v4,PF03184.22,ENIFNY,265,430,224,229,-36
Candida albicans,AF-A0A1D8PER5-F1-model_v4,PF03184.22,DVFVI,219,450,181,185,-34
Candida albicans,AF-Q5AL59-F1-model_v4,PF03184.22,NIYSF,240,409,203,207,-33
Candida albicans,AF-A0A1D8PSB5-F1-model_v4,PF03184.22,NVFRV,207,321,166,170,-37
Candida albicans,AF-Q5AH35-F1-model_v4,PF05047.19,EIELFV,64,122,44,49,-15
Candida albicans,AF-A0A1D8PQU3-F1-model_v4,PF05047.19,ELRFHL,27,78,12,17,-10
Candida albicans,AF-A0A1D8PKH2-F1-model_v4,PF01501.23,AYATL,9,228,4,8,-1
Candida albicans,AF-A0A1D8PCG4-F1-model_v4,PF01501.23,NAVFT,8,252,3,7,-1
Candida albicans,AF-A0A1D8PCM6-F1-model_v4,PF02463.22,LEININNI,712,895,681,688,-24
Candida albicans,AF-Q5AGX1-F1-model_v4,PF02463.22,VKIHKM,106,1104,1117,1122,13
Candida albicans,AF-Q5A4E3-F1-model_v4,PF04488.18,PKNIWQT,117,206,100,106,-11
Candida albicans,AF-A0A1D8PIF7-F1-model_v4,PF04488.18,IPKIIHQT,73,155,58,65,-8
Candida albicans,AF-A0A1D8PIF7-F1-model_v4,PF04488.18,GSVPN,73,155,175,179,20
Candida albicans,AF-A0A1D8PPM7-F1-model_v4,PF04488.18,PAYIWQT,162,243,138,144,-18
Candida albicans,AF-P83781-F1-model_v4,PF01459.25,FSLSFAA,2,275,276,282,1
Candida albicans,AF-Q5AH14-F1-model_v4,PF01459.25,LGLQFEA,63,353,354,360,1
Candida albicans,AF-Q5AI14-F1-model_v4,PF00982.24,RILNVM,58,523,32,37,-21
Candida albicans,AF-A0A1D8PIS4-F1-model_v4,PF00982.24,TVIIA,234,690,2,6,-228
Candida albicans,AF-A0A1D8PQ12-F1-model_v4,PF03452.17,CWGMP,112,386,419,423,33
Candida albicans,AF-P53697-F1-model_v4,PF03452.17,NYLVFH,72,334,360,365,26
Candida albicans,AF-A0A1D8PKT1-F1-model_v4,PF03452.17,VGGLPHYTIWH,120,431,452,462,21
Candida albicans,AF-Q5AKU5-F1-model_v4,PF03856.16,SAKFVFY,119,360,366,372,6
Candida albicans,AF-Q5ANK5-F1-model_v4,PF03856.16,HARIEVFQ,22,265,272,279,7
Candida albicans,AF-Q59NP5-F1-model_v4,PF03856.16,GVTSGEADFVL,163,405,406,416,1
Candida albicans,AF-A0A1D8PTD1-F1-model_v4,PF02142.25,KNILFSIG,1380,1477,1366,1373,-7
Candida albicans,AF-Q5A6R2-F1-model_v4,PF02142.25,KTAILSV,19,133,8,14,-5
Candida albicans,AF-P43094-F1-model_v4,PF14543.9,PVAVTLHN,90,250,78,85,-5
Candida albicans,AF-P0CY29-F1-model_v4,PF14543.9,QTVPVKLIN,72,230,59,67,-5
Candida albicans,AF-Q5AC08-F1-model_v4,PF14543.9,PVAVKLDN,90,250,78,85,-5
Candida albicans,AF-Q5A8N2-F1-model_v4,PF14543.9,AVKLDN,89,249,79,84,-5
Candida albicans,AF-Q5AEM6-F1-model_v4,PF14543.9,KVVSLDFTV,89,248,36,44,-45
Candida albicans,AF-Q59P56-F1-model_v4,PF00291.28,VPVLSGA,74,348,363,369,15
Candida albicans,AF-A0A1D8PNG9-F1-model_v4,PF00291.28,QYISLSTA,96,427,442,449,15
Candida albicans,AF-Q59P03-F1-model_v4,PF00175.24,VKSFG,163,270,158,162,-1
Candida albicans,AF-A0A1D8PLR7-F1-model_v4,PF00175.24,RYQEDV,532,644,674,679,30
Candida albicans,AF-A0A1D8PIF6-F1-model_v4,PF00175.24,VMSGL,949,1047,944,948,-1
Candida albicans,AF-A0A1D8PTX6-F1-model_v4,PF00175.24,AKELA,174,268,169,173,-1
Candida albicans,AF-Q5AK79-F1-model_v4,PF00117.31,TIALV,313,552,303,307,-6
Candida albicans,AF-A0A1D8PFC8-F1-model_v4,PF00117.31,KRHVL,13,198,8,12,-1
Candida albicans,AF-Q5AEB3-F1-model_v4,PF02668.19,TSLADT,114,398,399,404,1
Candida albicans,AF-A0A1D8PKA2-F1-model_v4,PF02668.19,VTSLA,115,399,400,404,1
Candida albicans,AF-A0A1D8PGE7-F1-model_v4,PF02668.19,NIASG,28,377,378,382,1
Candida albicans,AF-A0A1D8PKD9-F1-model_v4,PF00501.31,NIGAG,172,599,113,117,-55
Candida albicans,AF-A0A1D8PU56-F1-model_v4,PF00501.31,AVMRP,86,558,28,32,-54
Candida albicans,AF-Q5A8P6-F1-model_v4,PF00501.31,PLFVL,910,1363,1399,1403,36
Candida albicans,AF-A0A1D8PQN8-F1-model_v4,PF02383.21,GIFRV,63,387,427,431,40
Candida albicans,AF-A0A1D8PQ27-F1-model_v4,PF02383.21,FFHNGI,202,526,548,553,22
Candida albicans,AF-Q5A1E8-F1-model_v4,PF00890.27,VVDHEY,56,451,50,55,-1
Candida albicans,AF-Q5A2A1-F1-model_v4,PF00890.27,VIDHEY,53,448,47,52,-1
Candida albicans,AF-Q5AAV3-F1-model_v4,PF00679.27,PIMSTKVYVD,748,798,681,690,-58
Candida albicans,AF-A0A1D8PH71-F1-model_v4,PF00679.27,PIYQLNVICS,941,1010,908,917,-24
Candida albicans,AF-Q5AHA0-F1-model_v4,PF13191.9,YNIKIVVCY,690,884,891,899,7
Candida albicans,AF-Q5AHA0-F1-model_v4,PF13191.9,NLREFS,690,884,928,933,44
Candida albicans,AF-Q59SM3-F1-model_v4,PF13191.9,QNFTVVVII,17,166,167,175,1
Candida albicans,AF-A0A1D8PT88-F1-model_v4,PF00225.26,QVVVRCRG,48,388,5,12,-36
Candida albicans,AF-A0A1D8PKA4-F1-model_v4,PF00225.26,SVAVR,103,429,27,31,-72
Candida albicans,AF-A0A1D8PR28-F1-model_v4,PF13561.9,GEIKL,45,228,254,258,26
Candida albicans,AF-A0A1D8PDW2-F1-model_v4,PF13561.9,VRVLI,100,222,232,236,10
Candida albicans,AF-Q5A845-F1-model_v4,PF13561.9,NGECIVLD,13,195,221,228,26
Candida albicans,AF-Q59VX9-F1-model_v4,PF03853.18,IHYLGG,31,212,224,229,12
Candida albicans,AF-A0A1D8PM93-F1-model_v4,PF03853.18,IVHYLV,262,454,471,476,17
Candida albicans,AF-Q5AJC0-F1-model_v4,PF00722.24,YYYAHIK,102,274,290,296,16
Candida albicans,AF-Q5AK54-F1-model_v4,PF00722.24,TMHIK,72,237,250,254,13
Candida albicans,AF-Q5AFA2-F1-model_v4,PF00722.24,TMGIK,54,219,231,235,12
Candida albicans,AF-Q5AF62-F1-model_v4,PF02990.19,LYVNH,61,577,37,41,-20
Candida albicans,AF-Q5AF62-F1-model_v4,PF02990.19,FLCCGS,61,577,605,610,28
Candida albicans,AF-A0A1D8PRX1-F1-model_v4,PF02990.19,LVNKIES,51,688,39,45,-6
Candida albicans,AF-A0A1D8PRX1-F1-model_v4,PF02990.19,GIASGS,51,688,706,711,18
Candida albicans,AF-A0A1D8PCV7-F1-model_v4,PF07993.15,SYSSL,988,1238,972,976,-12
Candida albicans,AF-A0A1D8PCV7-F1-model_v4,PF07993.15,LTVAHV,988,1238,1252,1257,14
Candida albicans,AF-A0A1D8PEJ8-F1-model_v4,PF07993.15,LARVN,73,217,301,305,84
Candida albicans,AF-Q5A387-F1-model_v4,PF04072.17,MGFLIYE,13,228,239,245,11
Candida albicans,AF-Q5A931-F1-model_v4,PF04072.17,SHFLIL,29,230,239,244,9
Candida albicans,AF-A0A1D8PSM5-F1-model_v4,PF13673.10,IFTIAV,70,150,170,175,20
Candida albicans,AF-Q5AMM9-F1-model_v4,PF13673.10,AYRLILP,63,146,156,162,10
Candida albicans,AF-Q59V67-F1-model_v4,PF13673.10,MDALMY,270,329,355,360,26
Candida albicans,AF-Q5AHD6-F1-model_v4,PF12141.11,TVFSSM,117,642,103,108,-9
Candida albicans,AF-Q59MA6-F1-model_v4,PF12141.11,NLFSG,147,626,134,138,-9
Candida albicans,AF-A0A1D8PND6-F1-model_v4,PF00849.25,LHAYKY,179,327,411,416,84
Candida albicans,AF-A0A1D8PE33-F1-model_v4,PF00849.25,LHALSFKY,116,267,380,387,113
Candida albicans,AF-Q5AI09-F1-model_v4,PF05057.17,QYFSFG,149,227,244,249,17
Candida albicans,AF-Q59VP0-F1-model_v4,PF05057.17,GLISIY,115,231,249,254,18
Candida albicans,AF-Q5AK56-F1-model_v4,PF00622.31,GVVNLNA,170,243,415,421,172
Candida albicans,AF-Q5AFA5-F1-model_v4,PF00622.31,NFECS,186,314,168,172,-14
Candida albicans,AF-Q5AK94-F1-model_v4,PF00445.21,SGIKF,49,227,252,256,25
Candida albicans,AF-Q5AKB1-F1-model_v4,PF00445.21,TGIKY,61,240,265,269,25
